,X3_fit,Y3_fit
thermal conductivity k,1.4704272041680782,1.3727471007905463
heat capacity c,41.359086700431355,42.01042340596294
