,X3_fit,Y3_fit
thermal conductivity k,8.649571720233899,8.074982946436165
heat capacity c,243.28875453516088,247.12013771579228
